<?xml version="1.0"?>
<TR xmlns:xsd="http://www.w3.org/2001/XMLSchema" xmlns:xsi="http://www.w3.org/2001/XMLSchema-instance" Name="Script.ComicVineScraper" CultureName="fr">
  <Texts>
    <Text Key="MessageBoxOk" Text="OK" Comment="OK" />
    <Text Key="MessageBoxCancel" Text="Annuler" Comment="Cancel" />
    <Text Key="MessageBoxRetry" Text="Réessayer" Comment="Retry" />
    <Text Key="MessageBoxIgnore" Text="Ignorer" Comment="Ignore" />
    <Text Key="MessageBoxAbort" Text="Annuler" Comment="Abort" />
    <Text Key="MessageBoxYes" Text="Oui" Comment="Yes" />
    <Text Key="MessageBoxNo" Text="Non" Comment="No" />
    <Text Key="TextCut" Text="Couper" Comment="Cut"/>
	  <Text Key="TextCopy" Text="Copier" Comment="Copy"/>
	  <Text Key="TextPaste" Text="Coller" Comment="Paste"/>
    <Text Key="ComicRackOODText" Text="Ce script requiert une version plus récente de ComicRack. Veuillez télécharger et installer la dernière version disponible de ComicRack." Comment="This script requires a newer version of ComicRack in order to run properly.  Please download and install the latest version from the ComicRack website, and then try again." />
    <Text Key="ComicRackOODTitle" Text="Mise à jour de ComicRack requise" Comment="ComicRack Update Required" />
    <Text Key="SeriesSearchFailedTitle" Text="La recherche a échoué" Comment="Search Failed" />
    <Text Key="NoIssuesAvailableTitle" Text="La Série n'a pas de numéros" Comment="Series has No Issues" />
    <Text Key="NoIssuesAvailableText" Text="Vous avez sélectionné &quot;{0}&quot;.\n\nCette série ne peut pas être affichée car elle ne contient aucuns numéros dans la base de données de Comic Vine.\n\nVous pouvez ajouter les numéros manquants sur : http://comicvine.com/" Comment="You selected '{0}'.\n\nThis series cannot be displayed because it does not contain any issues in the Comic Vine database.\n\nYou can add missing issues at: http://comicvine.com/" />
    <Text Key="SearchProgbarText" Text="Recherche dans Comic Vine ({0} résultats)" Comment="Searching Comic Vine ({0} matches)" />
    <Text Key="IssuesProgbarText" Text="Chargement des détails de la série ({0} % fait)" Comment="Loading Series Details ({0}% complete)" />
    <Text Key="ComicFormUnknown" Text="Inconnu" Comment="unknown" />
    <Text Key="ComicFormVolume" Text="Tome" Comment="Vol." />
    <Text Key="ComicFormScrapingLabel" Text="Recherche :" Comment="Scraping:  " />
    <Text Key="ComicFormCancelButton" Text="Annuler ({0} restant(s))" Comment="Cancel ({0} remaining)" />
    <Text Key="ConfigFormTitle" Text="Paramètres de Comic Vine Scraper" Comment="Comic Vine Scraper Settings" />
    <Text Key="ConfigFormOK" Text="OK" Comment="OK" />
    <Text Key="ConfigFormRestore" Text="Paramètres par défaut" Comment="Restore Defaults" />
    <Text Key="ConfigFormCancel" Text="Annuler" Comment="Cancel" />
    <Text Key="ConfigFormComicVineText" Text="Pour utiliser le Comic Vine Scraper, vous devez obtenir une clé API de Comic Vine. Insérez votre clé API dans l’espace ci-dessous. Vous ne serez pas en mesure de continuer tant que vous ne l’aurez pas fait." Comment="In order to use Comic Vine Scraper, you must obtain a free API key from Comic Vine. Enter your API key in the space below.  You won't be able to continue until you do this."/>
    <Text Key="ConfigFormComicVineClickHere" Text="Cliquez ici pour vous enregistrer pour une clé API de Comic Vine" Comment="Click here to register for a Comic Vine API key"/>
    <Text Key="ConfigFormDetailsTab" Text="Détails" Comment="Details" />
    <Text Key="ConfigFormDetailsText" Text="Sélectionnez ce que vous voulez mettre à jour :" Comment="Choose which details you want to update:" />
    <Text Key="ConfigFormDetailsAll" Text="Tout" Comment="Select All" />
    <Text Key="ConfigFormDetailsNone" Text="Rien" Comment="Select None" />
    <Text Key="ConfigFormSeriesCB" Text="Série" Comment="Series" />
    <Text Key="ConfigFormNumberCB" Text="Numéro" Comment="Number" />
    
    <Text Key="ConfigFormPublishedCB" Text="Date publiée" Comment="Published Date" />
    <Text Key="ConfigFormReleasedCB" Text="Date de sortie" Comment="Released Date" />
    <Text Key="ConfigFormTitleCB" Text="Titre" Comment="Title" />
    <Text Key="ConfigFormWriterCB" Text="Scénariste" Comment="Writer" />
    <Text Key="ConfigFormPencillerCB" Text="Dessinateur" Comment="Penciller" />
    <Text Key="ConfigFormInkerCB" Text="Encreur" Comment="Inker" />
    <Text Key="ConfigFormCoverCB" Text="Artiste de couverture" Comment="Cover Artist" />
    <Text Key="ConfigFormColoristCB" Text="Coloriste" Comment="Colorist" />
    <Text Key="ConfigFormLettererCB" Text="Lettreur" Comment="Letterer" />
    <Text Key="ConfigFormEditorCB" Text="Collection" Comment="Editor" />
    <Text Key="ConfigFormSummaryCB" Text="Résumé" Comment="Summary" />
    <Text Key="ConfigFormImprintCB" Text="Imprimeur" Comment="Imprint" />
    <Text Key="ConfigFormPublisherCB" Text="Éditeur" Comment="Publisher" />
    <Text Key="ConfigFormVolumeCB" Text="Tome" Comment="Volume" />
    <Text Key="ConfigFormCharactersCB" Text="Personnages" Comment="Characters" />
    <Text Key="ConfigFormTeamsCB" Text="Équipes" Comment="Teams" />
    <Text Key="ConfigFormLocationsCB" Text="Lieu(x)" Comment="Locations" />
    <Text Key="ConfigFormWebCB" Text="Page internet" Comment="Webpage" />
    <Text Key="ConfigFormBehaviourTab" Text="Comportement" Comment="Behaviour" />
  	<Text Key="ConfigFormFirstScrapeLabel" Text="Lorsque vous recherchez des Livres pour la première fois..." Comment="When scraping comics for the first time:" />
	  <Text Key="ConfigFormAutochooseSeriesCB" Text="essayer de trouver la Série automatiquement"  Comment="try to choose the correct series automatically"/>
	  <Text Key="ConfigFormConfirmIssueCB" Text="confirmer chaque Livre avant de continuer"  Comment="confirm each issue before proceeding"/>
	  <Text Key="ConfigFormRescrapeCB" Text="Réutiliser les choix lors d'une nouvelle recherche" Comment="When 'rescraping' comics, use your previous choice"/>
    <Text Key="ConfigFormShowSummaryCB" Text="Afficher un résumé à la fin d'une recherche" Comment="Show summary message when finished scraping" />
    <Text Key="ConfigFormDataTab" Text="Données" Comment="Data" />
    <Text Key="ConfigFormImprintsCB" Text="Quand l'Imprimeur est sélectionné, rechercher aussi l'Éditeur" Comment="Convert scraped imprints to parent publisher" />
    <Text Key="ConfigFormOverwriteCB" Text="Autoriser le scraper à remplacer les données existantes..." Comment="Allow scraper to overwrite existing values in comics" />
    <Text Key="ConfigFormOverwriteEmptyCB" Text="...sauf quand les nouvelles valeurs sont vides" Comment="...except when the new values would be empty" />
    <Text Key="ConfigFormFilelessCB" Text="Mettre à jour les miniatures pour les Livres sans fichiers..." Comment="Update thumbnails for fileless comics" />
    <Text Key="ConfigFormFilelessOverwriteCB" Text="...sauf si ils ont déjà des miniatures" Comment="...except when they already have thumbnails" />
    <Text Key="ConfigFormRescrapeTagsCB" Text="Sauver ce(s) choix dans &quot;Étiquettes&quot;" Comment="Save that choice in 'Tags'" />
    <Text Key="ConfigFormRescrapeNotesCB" Text="Sauver ce(s) choix dans &quot;Annotations&quot;" Comment="Save that choice in 'Notes'" />
    <Text Key="FinishFormTitle" Text="Comic Vine Scraper - v{0}" Comment="Comic Vine Scraper - v{0}" />
    <Text Key="FinishFormScrapedSingle" Text="Détails d'1 Livre récupérés." Comment="Scraped details for 1 comic book." />
    <Text Key="FinishFormScrapedPlural" Text="Détails de {0} Livres récupérés." Comment="Scraped details for {0} comic books." />
    <Text Key="FinishFormSkippedSingle" Text="1 Livre passé." Comment="Skipped 1 comic book." />
    <Text Key="FinishFormSkippedPlural" Text="{0} Livres passés." Comment="Skipped {0} comic books." />
    <Text Key="IssueCoverPanelSingle" Text="Numéro {0} - Couverture" Comment="Issue {0}  -  Single Cover" />
    <Text Key="IssueCoverPanelPlural" Text="Numéro {0} - Couverture {1} sur {2}" Comment="Issue {0}  -  Cover {1} of {2}" />
    <Text Key="IssueCoverPanelSearching" Text="Numéro {0} (recherche)" Comment="Issue {0} (searching)" />
    <Text Key="IssueCoverPanelSearchable" Text="Numéro {0} (couvertures)" Comment="Issue {0} (more covers)" />
    <Text Key="IssueCoverPanelSeries" Text="Couverture de la série" Comment="Series Art" />
    <Text Key="LogDBErrorTitle" Text="Impossible d'accéder à la base de données" Comment="Cannot Access Online Database" />
    <Text Key="LogDBErrorText" Text="La base de données {0} est inaccessible. Ceci vient peut-être d'un problème technique avec la base de données, ou de votre connexion internet.\n\nVeuillez réessayer ultérieurement." Comment="The {0} online database could not be reached.  This may be due to a temporary technical error with the database, or there may be a problem with your internet connection.\n\nPlease try again later." />
    <Text Key="LogDBErrorRateText" Text="La base de données en ligne {0} ne peut être rejointe parce que vous avez excédé la limite d’accès pour la base de données. Vous devrez attendre un moment avant que vous ne puissiez réutiliser la base de données.\n\nS’il-vous-plait, recommencez plus tard." Comment="The {0} online database cannot be reached because you've exceeded your database access limit.  You'll have to wait a while before you can use the database again.\n\nPlease try again later."/>
    <Text Key="LogErrorTitle" Text="Erreur" Comment="Unexpected Error" />
    <Text Key="LogErrorText" Text="Une erreur s'est produite. Voulez-vous créer un rapport d'erreur détaillé ?" Comment="An unexpected error occurred.  Would you like to save a log file with more details about this problem?" />
    <Text Key="LogSaveTitle" Text="Sauvegarde du rapport" Comment="Save Log File" />
    <Text Key="LogSaveFilter" Text="Tous les fichiers (*.*)" Comment="All Files (*.*)" />
    <Text Key="LogSavedTitle" Text="Rapport sauvegardé" Comment="Saved Log File" />
    <Text Key="LogSavedText" Text="Un rapport d'erreur a été créé. Veuillez reporter votre problème (et y joindre ce fichier d'erreur) sur le site de Comic Vine Scraper." Comment="A log file for this error has been saved.  Please consider reporting this incident (and submitting the log file) to the issue tracker on the main Comic Vine Scraper website." />
    <Text Key="LogSaveFailedText" Text="Erreur, sauvegarde du rapport d'erreur." Comment="Error saving debug log." />
    <Text Key="SearchFormTitle" Text="Recherche d'un Livre" Comment="Search for a Comic Book" />
    <Text Key="SearchFormText" Text="Chercher la base de données pour :" Comment="Search the comic book database for:" />
    <Text Key="SearchFormSearch" Text="Recherche" Comment="Search" />
    <Text Key="SearchFormSkip" Text="Passer" Comment="Skip" />
    <Text Key="SearchFormCancel" Text="Annuler" Comment="Cancel" />
    <Text Key="IssueFormTitle" Text="Choisissez le numéro du Livre" Comment="Choose a Comic Book Issue" />
    <Text Key="IssueFormOK" Text="OK" Comment="OK" />
    <Text Key="IssueFormSkip" Text="Passer" Comment="Skip" />
    <Text Key="IssueFormGoBack" Text="Retour" Comment="Go Back" />
    <Text Key="IssueFormIssueCol" Text="Numéro" Comment="Issue" />
    <Text Key="IssueFormChooseText" Text="Les numéros suivants ont été trouvés pour {0}.{1}Veuillez choisir celui correspondant à votre Livre." Comment="The following issues were found for {0}.{1}Please choose the issue that matches your comic." />
    <Text Key="SeriesFormTitle" Text="Choisissez la Série du Livre" Comment="Choose a Comic Book Series" />
    <Text Key="SeriesFormSeriesCol" Text="Série" Comment="Series" />
    <Text Key="SeriesFormYearCol" Text="Année" Comment="Year" />
    <Text Key="SeriesFormIssuesCol" Text="Numéros" Comment="Issues" />
    <Text Key="SeriesFormPublisherCol" Text="Éditeur" Comment="Publisher" />
    <Text Key="SeriesFormOK" Text="OK" Comment="OK" />
    <Text Key="SeriesFormSkip" Text="Passer" Comment="Skip" />
    <Text Key="SeriesFormAgain" Text="Re rechercher" Comment="Search Again" />
    <Text Key="SeriesFormIssues" Text="Afficher les numéros" Comment="Show Issues" />
    <Text Key="SeriesFormChooseText" Text="Recherche de &quot;{0}&quot; et {1} Séries correspondantes ont été trouvées. Veuillez en choisir une dans la liste ci-dessous, ou cliquez sur &quot;Passer&quot; pour passer ce Livre." Comment="Searched for '{0}' and found {1} matching series.  Please choose one from the list below, or click 'Skip' to scrape this comic later." />
    <Text Key="SeriesFormConfirmText" Text="Recherche de &quot;{0}&quot; et une Série correspondante a été trouvée. Cliquez sur &quot;OK&quot; pour confirmer le choix, ou cliquez sur &quot;Passer&quot; pour passer ce Livre." Comment="Searched for '{0}' and found one matching series.  Click 'OK' to confirm that this is correct, or click 'Skip' to scrape this comic later." />
    <Text Key="SeriesFormShowArt" Text="Afficher " Comment="Show Series Art" />
    <Text Key="WelcomeFormTextSingle" Text="Vous vous apprêtez à rechercher et enregistrer les détails pour 1 Livre.\n\nCliquez sur &quot;Lancer Récupération...&quot; pour lancer l'opération." Comment="You are about to download and store details for 1 comic book.\n\nClick 'Start Scraping...' to begin." />
    <Text Key="WelcomeFormTextPlural" Text="Vous vous apprêtez à rechercher et enregistrer les détails pour {0} Livres.\n\nCliquez sur &quot;Lancer Récupération...&quot; pour lancer l'opération." Comment="You are about to download and store details for {0} comic books.\n\nClick 'Start Scraping...' to begin." />
    <Text Key="WelcomeFormStart" Text="Lancer recherche..." Comment="Start Scraping..." />
    <Text Key="WelcomeFormCancel" Text="Annuler" Comment="Cancel" />
    <Text Key="WelcomeFormSettings" Text="Paramètres..." Comment="Settings..." />
    <Text Key="SeriesSearchFailedText" Text="Impossible de trouver des résultats correspondants à la recherche :\n\n     &quot;{0}&quot;\n\nAssurez-vous de bien les avoir épelés ! Les recherches peuvent inclure tout ou partie d'un titre, mais PAS son numéro, éditeur, date de publication, etc..." Comment="Couldn't find any comic books that match the search terms:\n\n     '{0}'\n\nBe sure that all search terms are spelled correctly!  Your search should include all (or part) of a comic book's title, but NOT its issue number, publisher, publication date, story arc, etc." />
    <Text Key="ConfigFormCrossoversCB" Text="Crossovers" Comment="Crossovers" />
    <Text Key="ConfigFormAdvancedTab" Text="Avancés" Comment="Advanced" />
    <Text Key="ConfigFormAdvancedText" Text="Paramètres avancés dans l'espace ci-dessous :" Comment="Enter advanced settings in the space below:" />
    <Text Key="IssueFormTitleCol" Text="Titre" Comment="Title" />
  </Texts>
</TR>